66-1-Sality,Sality
CTU-Malware-Capture-Botnet-78-1,ZeusCC
CTU-Malware-Capture-Botnet-78-2,ZeusCC
CTU-Malware-Capture-Botnet-90,Conficker
CTU-Malware-Capture-Botnet-91,Conficker
CTU-Malware-Capture-Botnet-122-1,Geodo
CTU-Malware-Capture-Botnet-122-2,Geodo
CTU-Malware-Capture-Botnet-125-1,Geodo
CTU-Malware-Capture-Botnet-127-1,Miuref
CTU-Malware-Capture-Botnet-127-2,Miuref
CTU-Malware-Capture-Botnet-128-1,Miuref
CTU-Malware-Capture-Botnet-128-2,Miuref
CTU-Malware-Capture-Botnet-134-1,Neutrino
CTU-Malware-Capture-Botnet-140-1,Bunitu
CTU-Malware-Capture-Botnet-140-2,Bunitu
CTU-Malware-Capture-Botnet-141-1,Bunitu
CTU-Malware-Capture-Botnet-141-2,Bunitu
CTU-Malware-Capture-Botnet-169-1,Miuref
CTU-Malware-Capture-Botnet-169-2,Miuref
CTU-Malware-Capture-Botnet-299-1,Notpetya
CTU-Malware-Capture-Botnet-298-1,Notpetya 
CTU-Malware-Capture-Botnet-297-1,WannaCry
CTU-Malware-Capture-Botnet-296-1,WannaCry
CTU-Malware-Capture-Botnet-295-1,WannaCry
CTU-Malware-Capture-Botnet-294-1,WannaCry
CTU-Malware-Capture-Botnet-289-1,Notpetya
CTU-Malware-Capture-Botnet-288-1,Notpetya 
CTU-Malware-Capture-Botnet-287-1,WannaCry
CTU-Malware-Capture-Botnet-286-1,WannaCry
CTU-Malware-Capture-Botnet-285-1,WannaCry
CTU-Malware-Capture-Botnet-238-1,TrickBot
CTU-Malware-Capture-Botnet-239-1,TrickBot
CTU-Malware-Capture-Botnet-169-3,Miuref
CTU-Malware-Capture-Botnet-31-1,Papras
CTU-Malware-Capture-Botnet-183-1,Locky
CTU-Malware-Capture-Botnet-214-1,Locky (Trojan.Locky?)
CTU-Malware-Capture-Botnet-221-1,Locky
CTU-Malware-Capture-Botnet-236-1,Locky?
CTU-Malware-Capture-Botnet-165-1,Zeus
CTU-Malware-Capture-Botnet-135-1,Stlrat
CTU-Malware-Capture-Botnet-147-1,Avzhan
ISOT_Botnet_DataSet_2010,SMTP SPAM
botnet-capture-20110816-donbot, Donbot
botnet-capture-20110810-neris, Neris
botnet-capture-20110816-qvod, Qvod
botnet-capture-20110811-neris, Neris
botnet-capture-20110816-sogou, Sogou
botnet-capture-20110812-rbot, Rbot
botnet-capture-20110817-bot, Neris
botnet-capture-20110815-fast-flux-2, Virut
botnet-capture-20110818-bot-2, Rbot
botnet-capture-20110815-fast-flux, Virut
botnet-capture-20110818-bot, Rbot
botnet-capture-20110815-rbot-dos, Rbot
botnet-capture-20110819-bot, NSIS
EK_MALWARE_2014-01-31-DotkaChef-EK-traffic_mailware-traffic-analysis.net.pcap.txt,DotkaChef
EK_MALWARE_2014-07-09-Zuponcic-EK-traffic-java-7u13_mailware-traffic-analysis.net.pcap.txt,Zuponcic
EK_MALWARE_2014-07-02-fake-Flash-installer-sandbox-analysis_mailware-traffic-analysis.net.pcap.txt,Flash
EK_MALWARE_2014-05-06-FlashPack-EK-traffic_mailware-traffic-analysis.net.pcap.txt,FlashPack
EK_MALWARE_2014-05-13-Nuclear-EK-traffic_mailware-traffic-analysis.net.pcap.txt,Nuclear
EK_MALWARE_2014-02-03-malware-callback-from-physical-host_mailware-traffic-analysis.net.pcap.txt,Other
EK_MALWARE_2014-01-09-more-DotkaChef-EK-traffic_mailware-traffic-analysis.net.pcap.txt,DotkaChef
EK_MALWARE_2014-07-04-Nuclear-EK-traffic_mailware-traffic-analysis.net.pcap.txt,Nuclear
EK_MALWARE_2014-03-22-Fiesta-EK-silverlight-exploit_mailware-traffic-analysis.net.pcap.txt,Fiesta
EK_MALWARE_2014-08-21-phishing-malware-sandbox-traffic_mailware-traffic-analysis.net.pcap.txt,Phishing
EK_MALWARE_2014-07-18-FlashPack-EK-traffic_mailware-traffic-analysis.net.pcap.txt,FlashPack
EK_MALWARE_2014-05-21-Fiesta-EK-traffic_mailware-traffic-analysis.net.pcap.txt,Fiesta
EK_MALWARE_2015-02-06-Rig-EK-traffic_mailware-traffic-analysis.net.pcap.txt,Rig
EK_MALWARE_2014-07-11-Angler-EK-traffic_mailware-traffic-analysis.net.pcap.txt,Angler
EK_MALWARE_2014-05-19-FlashPack-EK-traffic_mailware-traffic-analysis.net.pcap.txt,FlashPack
EK_MALWARE_2014-04-11-Fiesta-EK-traffic_mailware-traffic-analysis.net.pcap.txt,Fiesta
EK_MALWARE_2015-02-04-Nuclear-EK-traffic_mailware-traffic-analysis.net.pcap.txt,Nuclear
EK_MALWARE_2014-08-12-Nuclear-EK-traffic_mailware-traffic-analysis.net.pcap.txt,Nuclear
EK_MALWARE_2014-07-09-Asprox-email-download-links_mailware-traffic-analysis.net.pcap.txt,Asprox
EK_MALWARE_2014-09-06-Rig-EK-traffic_mailware-traffic-analysis.net.pcap.txt,Rig
EK_MALWARE_2014-07-02-fake-Flash-installer-download_mailware-traffic-analysis.net.pcap.txt,Flash
EK_MALWARE_2014-06-20-Angler-EK-traffic_mailware-traffic-analysis.net.pcap.txt,Angler
EK_MALWARE_2014-08-18-Sweet-Orange-EK-first-run_mailware-traffic-analysis.net.pcap.txt,SweetOrange
EK_MALWARE_2014-08-21-FlashPack-EK-traffic-second-run_mailware-traffic-analysis.net.pcap.txt,FlashPack
EK_MALWARE_2014-05-07-Nuclear-EK-traffic_mailware-traffic-analysis.net.pcap.txt,Nuclear
EK_MALWARE_2015-02-03-word-document-run-on-VM_mailware-traffic-analysis.net.pcap.txt,Word
EK_MALWARE_2014-06-19-Nuclear-EK-traffic_mailware-traffic-analysis.net.pcap.txt,Nuclear
EK_MALWARE_2014-01-02-neutrino-exploit-traffic_mailware-traffic-analysis.net.pcap.txt,Neutrino
EK_MALWARE_2014-02-13-Goon-EK-traffic_mailware-traffic-analysis.net.pcap.txt,Goon
EK_MALWARE_2014-08-17-Nuclear-EK-traffic_mailware-traffic-analysis.net.pcap.txt,Nuclear
EK_MALWARE_2015-01-03-KaiXin-EK-malwr.com-analysis-of-payload_mailware-traffic-analysis.net.pcap.txt,KaiXin
EK_MALWARE_2014-12-16-phishing-malware-run-on-VM_mailware-traffic-analysis.net.pcap.txt,Phishing
EK_MALWARE_2013-12-09_mailware-traffic-analysis.net.pcap.txt,Unknown
EK_MALWARE_2014-08-08-phishing-malware-01-sandbox-analysis_mailware-traffic-analysis.net.pcap.txt,Phishing
EK_MALWARE_2014-02-21-Fiesta-EK-traffic_mailware-traffic-analysis.net.pcap.txt,Fiesta
EK_MALWARE_2014-07-09-Asprox-malware-sandbox-analysis-01_mailware-traffic-analysis.net.pcap.txt,Asprox
EK_MALWARE_2014-11-13-phishing-malware-traffic-in-a-VM_mailware-traffic-analysis.net.pcap.txt,Phishing
EK_MALWARE_2014-03-25-Magnitude-EK-traffic_mailware-traffic-analysis.net.pcap.txt,Magnitude
EK_MALWARE_2014-12-13-Gondad-EK-infection-traffic_mailware-traffic-analysis.net.pcap.txt,Gondad
EK_MALWARE_2015-01-22-Angler-EK-failed-VM-infection-attempt-1-of-3_mailware-traffic-analysis.net.pcap.txt,Angler
EK_MALWARE_2014-10-09-Mangitude-EK-payload-6-of-6-malwr.com-analysis_mailware-traffic-analysis.net.pcap.txt,Mangitude
EK_MALWARE_2015-01-02-Asprox-botnet-phishing-malware-executed-in-a-VM_mailware-traffic-analysis.net.pcap.txt,Asprox
EK_MALWARE_2014-07-26-Rig-EK-traffic_mailware-traffic-analysis.net.pcap.txt,Rig
EK_MALWARE_2014-04-29-fake-flash-updater-01_mailware-traffic-analysis.net.pcap.txt,FlashUpdate
EK_MALWARE_2014-03-26-Fiesta-EK-traffic_mailware-traffic-analysis.net.pcap.txt,Fiesta
EK_MALWARE_2014-06-23-FlashPack-EK-with-IE-11-successful-infection_mailware-traffic-analysis.net.pcap.txt,FlashPack
EK_MALWARE_2015-01-22-Angler-EK-failed-VM-infection-attempt-3-of-3_mailware-traffic-analysis.net.pcap.txt,Angler
EK_MALWARE_2014-12-10-Nuclear-EK-traffic_mailware-traffic-analysis.net.pcap.txt,Nuclear
EK_MALWARE_2014-08-29-phishing-malware-02-sandbox-analysis_mailware-traffic-analysis.net.pcap.txt,Phishing
EK_MALWARE_2014-03-27-Nuclear-EK-traffic_mailware-traffic-analysis.net.pcap.txt,Nuclear
EK_MALWARE_2015-01-06-phishing-malware-run-on-VM_mailware-traffic-analysis.net.pcap.txt,Phishing
EK_MALWARE_2014-09-05-Asprox-email-link-malware-download_mailware-traffic-analysis.net.pcap.txt,Asprox
EK_MALWARE_2014-03-23-Angler-EK-traffic_mailware-traffic-analysis.net.pcap.txt,Angler
EK_MALWARE_2014-03-12-Magnitude-EK-traffic_mailware-traffic-analysis.net.pcap.txt,Magnitude
EK_MALWARE_2014-02-07-Fiesta-EK-traffic_mailware-traffic-analysis.net.pcap.txt,Fiesta
EK_MALWARE_2014-12-07-Neutrino-EK-traffic_mailware-traffic-analysis.net.pcap.txt,Neutrino
EK_MALWARE_2014-04-20-Sweet-Orange-EK-traffic_mailware-traffic-analysis.net.pcap.txt,SweetOrange
EK_MALWARE_2014-06-18-fake-Flash-installer-sandbox-analysis_mailware-traffic-analysis.net.pcap.txt,Flash
EK_MALWARE_2014-10-05-Rig-EK-traffic_mailware-traffic-analysis.net.pcap.txt,Rig
EK_MALWARE_2014-09-22-phishing-malware-download_mailware-traffic-analysis.net.pcap.txt,Phishing
EK_MALWARE_2014-06-13-Fake-flash-updater-traffic_mailware-traffic-analysis.net.pcap.txt,FlashUpdate
EK_MALWARE_2015-01-03-KaiXin-EK-traffic_mailware-traffic-analysis.net.pcap.txt,KaiXin
EK_MALWARE_2014-01-02-fiesta-exploit-traffic_mailware-traffic-analysis.net.pcap.txt,Fiesta
EK_MALWARE_2014-08-14-initial-phishing-malwre-download_mailware-traffic-analysis.net.pcap.txt,Phishing
EK_MALWARE_2014-05-09-Fiesta-EK-traffic_mailware-traffic-analysis.net.pcap.txt,Fiesta
EK_MALWARE_2014-09-27-Angler-EK-traffic_mailware-traffic-analysis.net.pcap.txt,Angler
EK_MALWARE_2014-01-01_mailware-traffic-analysis.net.pcap.txt,Unknown
EK_MALWARE_2014-12-26-Fiesta-EK-traffic-01_mailware-traffic-analysis.net.pcap.txt,Fiesta
EK_MALWARE_2014-03-11-Fiesta-EK-traffic_mailware-traffic-analysis.net.pcap.txt,Fiesta
EK_MALWARE_2014-11-23-traffic-analysis-exercise_mailware-traffic-analysis.net.pcap.txt,Unknown
EK_MALWARE_2014-09-03-Nuclear-EK-traffic_mailware-traffic-analysis.net.pcap.txt,Nuclear
EK_MALWARE_2014-06-12-Sweet-Orange-EK-traffic_mailware-traffic-analysis.net.pcap.txt,SweetOrange
EK_MALWARE_2014-12-13-Gondad-EK-malware-analysis_mailware-traffic-analysis.net.pcap.txt,Gondad
EK_MALWARE_2014-02-28-Fiesta-EK-traffic_mailware-traffic-analysis.net.pcap.txt,Fiesta
EK_MALWARE_2014-03-23-Magnitude-EK-traffic_mailware-traffic-analysis.net.pcap.txt,Magnitude
EK_MALWARE_2014-06-02-Nuclear-EK_mailware-traffic-analysis.net.pcap.txt,Nuclear
EK_MALWARE_2014-07-30-FlashPack-EK-traffic_mailware-traffic-analysis.net.pcap.txt,FlashPack
EK_MALWARE_2014-05-19-fake-Flash-updater-VM-infection_mailware-traffic-analysis.net.pcap.txt,FlashUpdate
EK_MALWARE_2015-02-11-Windigo-Group-Nuclear-EK-traffic-example-01_mailware-traffic-analysis.net.pcap.txt,Nuclear
EK_MALWARE_2014-10-07-running-the-malware-in-a-VM_mailware-traffic-analysis.net.pcap.txt,Unknown
EK_MALWARE_2014-06-17-Magnitude-EK-traffic-second-run_mailware-traffic-analysis.net.pcap.txt,Magnitude
EK_MALWARE_2014-09-07-Fiesta-EK-traffic_mailware-traffic-analysis.net.pcap.txt,Fiesta
EK_MALWARE_2014-10-09-Mangitude-EK-payload-5-of-6-malwr.com-analysis_mailware-traffic-analysis.net.pcap.txt,Mangitude
EK_MALWARE_2014-07-20-Fiesta-EK-traffic_mailware-traffic-analysis.net.pcap.txt,Fiesta
EK_MALWARE_2014-05-11-fake-Flash-updater-example-02_mailware-traffic-analysis.net.pcap.txt,FlashUpdate
EK_MALWARE_2014-05-16-Rig-EK-traffic_mailware-traffic-analysis.net.pcap.txt,Rig
EK_MALWARE_2015-01-12-malwr.com-analysis-of-Sweet-Orange-EK-malware-payload_mailware-traffic-analysis.net.pcap.txt,SweetOrange
EK_MALWARE_2014-02-11-Fiesta-EK-traffic_mailware-traffic-analysis.net.pcap.txt,Fiesta
EK_MALWARE_2014-01-20-styx-EK-traffic_mailware-traffic-analysis.net.pcap.txt,Styx
EK_MALWARE_2014-04-04-Fiesta-EK-traffic_mailware-traffic-analysis.net.pcap.txt,Fiesta
EK_MALWARE_2014-12-01-Neutrino-EK-malware-payload-malwr.com-analysis_mailware-traffic-analysis.net.pcap.txt,Neutrino
EK_MALWARE_2014-05-11-fake-Flash-updater-example-03_mailware-traffic-analysis.net.pcap.txt,FlashUpdate
EK_MALWARE_2014-09-02-phishing-malware-sandbox-analysis_mailware-traffic-analysis.net.pcap.txt,Phishing
EK_MALWARE_2014-03-31-Fiesta-EK-traffic-01_mailware-traffic-analysis.net.pcap.txt,Fiesta
EK_MALWARE_2014-02-22-Neutrino-and-Nuclear-EK-traffic_mailware-traffic-analysis.net.pcap.txt,Nuclear - Neutrino
EK_MALWARE_2015-02-06-CryptoWall-3.0-infection-traffic_mailware-traffic-analysis.net.pcap.txt,CryptoWall
EK_MALWARE_2014-03-18-Fiesta-EK-traffic_mailware-traffic-analysis.net.pcap.txt,Fiesta
EK_MALWARE_2014-09-19-Sweet-Orange-EK-traffic_mailware-traffic-analysis.net.pcap.txt,SweetOrange
EK_MALWARE_2015-02-03-chaintor-sample-run-on-a-physical-host_mailware-traffic-analysis.net.pcap.txt,chaintor
EK_MALWARE_2014-05-25-Angler-EK-traffic_mailware-traffic-analysis.net.pcap.txt,Angler
EK_MALWARE_2014-02-03-Goon-EK-traffic_mailware-traffic-analysis.net.pcap.txt,Goon
EK_MALWARE_2014-03-09-Fiesta-EK-traffic-failed-attempt_mailware-traffic-analysis.net.pcap.txt,Fiesta
EK_MALWARE_2014-07-08-Asprox-malware-sandbox-analysis_mailware-traffic-analysis.net.pcap.txt,Asprox
EK_MALWARE_2015-02-13-Magnitude-EK-traffic_mailware-traffic-analysis.net.pcap.txt,Magnitude
EK_MALWARE_2014-08-31-Fiesta-EK-traffic_mailware-traffic-analysis.net.pcap.txt,Fiesta
EK_MALWARE_2014-07-16-phishing-email-malware-sandbox-analysis_mailware-traffic-analysis.net.pcap.txt,Phishing
EK_MALWARE_2014-02-09-Neutrino-EK-traffic_mailware-traffic-analysis.net.pcap.txt,Neutrino
EK_MALWARE_2014-04-15-Goon-EK-exploit-example-hour-after_mailware-traffic-analysis.net.pcap.txt,Goon
EK_MALWARE_2014-06-09-Nuclear-EK-traffic_mailware-traffic-analysis.net.pcap.txt,Nuclear
EK_MALWARE_2014-04-28-fake-flash-updater-traffic-02_mailware-traffic-analysis.net.pcap.txt,FlashUpdate
EK_MALWARE_2014-03-10-Goon-EK-traffic_mailware-traffic-analysis.net.pcap.txt,Goon
EK_MALWARE_2014-09-11-Sweet-Orange-EK-traffic_mailware-traffic-analysis.net.pcap.txt,SweetOrange
EK_MALWARE_2014-07-21-Rig-EK-traffic_mailware-traffic-analysis.net.pcap.txt,Rig
EK_MALWARE_2014-06-10-FlashPack-EK-traffic_mailware-traffic-analysis.net.pcap.txt,FlashPack
EK_MALWARE_2014-04-28-Angler-EK-traffic-using-silverlight-exploit_mailware-traffic-analysis.net.pcap.txt,Angler
EK_MALWARE_2014-05-17-fake-Flash-updater-sandbox-analysis_mailware-traffic-analysis.net.pcap.txt,FlashUpdate
EK_MALWARE_2014-01-09-DotkaChef-EK-traffic_mailware-traffic-analysis.net.pcap.txt,DotkaChef
EK_MALWARE_2014-07-19-Nuclear-EK-traffic_mailware-traffic-analysis.net.pcap.txt,Nuclear
EK_MALWARE_2014-01-14-magnitude-EK_mailware-traffic-analysis.net.pcap.txt,Magnitude
EK_MALWARE_2013-12-19_mailware-traffic-analysis.net.pcap.txt,Unknown
EK_MALWARE_2014-06-01-malware-payload-sandbox-analysis_mailware-traffic-analysis.net.pcap.txt,Unknown
EK_MALWARE_2013-08-05-Styx-EK-traffic_mailware-traffic-analysis.net.pcap.txt,Styx
EK_MALWARE_2013-08-23_mailware-traffic-analysis.net.pcap.txt,Unknown
EK_MALWARE_2014-09-03-phishing-malware-executed-on-a-VM_mailware-traffic-analysis.net.pcap.txt,Phishing
EK_MALWARE_2014-07-30-Rig-EK-traffic_mailware-traffic-analysis.net.pcap.txt,Rig
EK_MALWARE_2014-10-06-Sweet-Orange-EK-malware-payload.exe-malwr.com-analysis_mailware-traffic-analysis.net.pcap.txt,SweetOrange
EK_MALWARE_2014-12-03-phishing-malware-traffic_mailware-traffic-analysis.net.pcap.txt,Phishing
EK_MALWARE_2014-09-12-Nuclear-EK-traffic_mailware-traffic-analysis.net.pcap.txt,Nuclear
EK_MALWARE_2014-08-14-Fiesta-EK-traffic_mailware-traffic-analysis.net.pcap.txt,Fiesta
EK_MALWARE_2014-11-18-Sweet-Orange-EK-traffic_mailware-traffic-analysis.net.pcap.txt,SweetOrange
EK_MALWARE_2014-07-15-Magnitude-EK-traffic_mailware-traffic-analysis.net.pcap.txt,Magnitude
EK_MALWARE_2014-06-02-Angler-EK-malware-payload-sandbox-traffic_mailware-traffic-analysis.net.pcap.txt,Angler
EK_MALWARE_2014-05-01-Angler-EK-traffic_mailware-traffic-analysis.net.pcap.txt,Angler
EK_MALWARE_2015-02-09-Chanitor-Vawtrak-malspam-traffic_mailware-traffic-analysis.net.pcap.txt,Chanitor-Vawtrak
EK_MALWARE_2015-01-21-Angler-EK-traffic_mailware-traffic-analysis.net.pcap.txt,Angler
EK_MALWARE_2014-06-01-Infinity-EK-traffic_mailware-traffic-analysis.net.pcap.txt,Infinity
EK_MALWARE_2014-03-19-Goon-EK-traffic_mailware-traffic-analysis.net.pcap.txt,Goon
EK_MALWARE_2015-01-20-phishing-email-post-infection-traffic_mailware-traffic-analysis.net.pcap.txt,Phishing
EK_MALWARE_2014-10-06-Sweet-Orange-EK-traffic-second-run_mailware-traffic-analysis.net.pcap.txt,SweetOrange
EK_MALWARE_2014-02-01-Fiesta-EK-silverlight_mailware-traffic-analysis.net.pcap.txt,Fiesta
EK_MALWARE_2014-09-05-Sweet-Orange-EK-traffic_mailware-traffic-analysis.net.pcap.txt,SweetOrange
EK_MALWARE_2014-02-26-Angler-EK-traffic-02_mailware-traffic-analysis.net.pcap.txt,Angler
EK_MALWARE_2015-02-05-Rig-EK-traffic_mailware-traffic-analysis.net.pcap.txt,Rig
EK_MALWARE_2014-03-13-Fiesta-EK-traffic_mailware-traffic-analysis.net.pcap.txt,Fiesta
EK_MALWARE_2014-09-08-Nuclear-EK-traffic_mailware-traffic-analysis.net.pcap.txt,Nuclear
EK_MALWARE_2014-02-23-Neutrino-EK-traffic_mailware-traffic-analysis.net.pcap.txt,Neutrino
EK_MALWARE_2014-12-17-Fiesta-EK-traffic_mailware-traffic-analysis.net.pcap.txt,Fiesta
EK_MALWARE_2014-07-09-Asprox-malware-sandbox-analysis-02_mailware-traffic-analysis.net.pcap.txt,Asprox
EK_MALWARE_2014-05-14-Rig-EK-traffic_mailware-traffic-analysis.net.pcap.txt,Rig
EK_MALWARE_2014-06-16-FlashPack-EK-traffic-first-run_mailware-traffic-analysis.net.pcap.txt,FlashPack
EK_MALWARE_2014-10-02-Angler-EK-traffic_mailware-traffic-analysis.net.pcap.txt,Angler
EK_MALWARE_2014-03-09-callback-traffic-from-physical-host_mailware-traffic-analysis.net.pcap.txt,Callback
EK_MALWARE_2014-08-08-FlashPack-EK-traffic_mailware-traffic-analysis.net.pcap.txt,FlashPack
EK_MALWARE_2014-04-24-fake-flash-updater_mailware-traffic-analysis.net.pcap.txt,FlashUpdate
EK_MALWARE_2014-08-22-Fiesta-EK-traffic_mailware-traffic-analysis.net.pcap.txt,Fiesta
EK_MALWARE_2014-10-06-Angler-EK-traffic_mailware-traffic-analysis.net.pcap.txt,Angler
EK_MALWARE_2014-09-23-Rig-EK-traffic_mailware-traffic-analysis.net.pcap.txt,Rig
EK_MALWARE_2014-08-29-Sweet-Orange-EK-traffic_mailware-traffic-analysis.net.pcap.txt,SweetOrange
EK_MALWARE_2015-01-18-Nuclear-EK-traffic_mailware-traffic-analysis.net.pcap.txt,Nuclear
EK_MALWARE_2014-07-27-Fiesta-EK-traffic_mailware-traffic-analysis.net.pcap.txt,Fiesta
EK_MALWARE_2014-12-12-Nuclear-EK-traffic_mailware-traffic-analysis.net.pcap.txt,Nuclear
EK_MALWARE_2014-05-23-Angler-EK-uses-java-exploit_mailware-traffic-analysis.net.pcap.txt,Angler
EK_MALWARE_2013-09-07_mailware-traffic-analysis.net.pcap.txt,Unknown
EK_MALWARE_2014-05-05-Sweet-Orange-EK-traffic_mailware-traffic-analysis.net.pcap.txt,SweetOrange
EK_MALWARE_2013-07-08-DotkaChef-EK-traffic_mailware-traffic-analysis.net.pcap.txt,DotkaChef
EK_MALWARE_2014-04-12-FlashPack-EK-traffic_mailware-traffic-analysis.net.pcap.txt,FlashPack
EK_MALWARE_2014-03-23-Goon-EK-traffic_mailware-traffic-analysis.net.pcap.txt,Goon
EK_MALWARE_2014-06-26-Fiesta-EK-traffic_mailware-traffic-analysis.net.pcap.txt,Fiesta
EK_MALWARE_2013-06-18-Neutrino-EK-traffic_mailware-traffic-analysis.net.pcap.txt,Neutrino
EK_MALWARE_2014-04-22-Angler-EK-traffic-04_mailware-traffic-analysis.net.pcap.txt,Angler
EK_MALWARE_2014-05-28-Angler-EK-uses-java-exploit_mailware-traffic-analysis.net.pcap.txt,Angler
EK_MALWARE_2014-10-27-Sweet-Orange-EK-traffic_mailware-traffic-analysis.net.pcap.txt,SweetOrange
EK_MALWARE_2014-06-23-FlashPack-EK-uses-CVE-2013-2551-second-run_mailware-traffic-analysis.net.pcap.txt,FlashPack
EK_MALWARE_2014-09-11-Asprox-phishing-malware-live-analysis_mailware-traffic-analysis.net.pcap.txt,Asprox
EK_MALWARE_2014-04-14-Magnitude-EK-traffic_mailware-traffic-analysis.net.pcap.txt,Magnitude
EK_MALWARE_2014-11-19-Fiesta-EK-traffic-on-physical-host_mailware-traffic-analysis.net.pcap.txt,Fiesta
EK_MALWARE_UpdateFlashPlayer_811e7dfc.exe-malwr.com-analysis_Flash,.pcap.txt
EK_MALWARE_2014-06-23-phishing-malware-sandbox-analysis_mailware-traffic-analysis.net.pcap.txt,Phishing
EK_MALWARE_2014-04-22-Angler-EK-traffic-03_mailware-traffic-analysis.net.pcap.txt,Angler
EK_MALWARE_2014-06-28-Sweet-Orange-EK-sandbox-analysis-of-malware_mailware-traffic-analysis.net.pcap.txt,SweetOrange
EK_MALWARE_2014-09-26-phishing-malware-downloaded-and-run-in-VM_mailware-traffic-analysis.net.pcap.txt,Phishing
EK_MALWARE_2013-11-23_mailware-traffic-analysis.net.pcap.txt,Unknown
EK_MALWARE_2014-03-16-Fiesta-EK-traffic_mailware-traffic-analysis.net.pcap.txt,Fiesta
EK_MALWARE_2014-06-28-Sweet-Orange-EK-traffic_mailware-traffic-analysis.net.pcap.txt,SweetOrange
EK_MALWARE_2014-09-10-Magnitude-EK-traffic_mailware-traffic-analysis.net.pcap.txt,Magnitude
EK_MALWARE_2013-11-15_mailware-traffic-analysis.net.pcap.txt,Unknown
EK_MALWARE_2014-04-27-Nuclear-EK-traffic_mailware-traffic-analysis.net.pcap.txt,Nuclear
EK_MALWARE_2015-01-01-Windigo-group-Nuclear-EK-traffic_mailware-traffic-analysis.net.pcap.txt,Nuclear
EK_MALWARE_2014-09-16-Nuclear-EK-traffic_mailware-traffic-analysis.net.pcap.txt,Nuclear
EK_MALWARE_2014-10-03-Sweet-Orange-EK-traffic_mailware-traffic-analysis.net.pcap.txt,SweetOrange
EK_MALWARE_2014-06-23-FlashPack-EK-with-IE-10-failed-attempt_mailware-traffic-analysis.net.pcap.txt,FlashPack
EK_MALWARE_2014-05-16-Nuclear-EK-traffic_mailware-traffic-analysis.net.pcap.txt,Nuclear
EK_MALWARE_2015-02-01-Nuclear-EK-traffic_mailware-traffic-analysis.net.pcap.txt,Nuclear
EK_MALWARE_2014-05-11-FlashPack-EK-traffic_mailware-traffic-analysis.net.pcap.txt,FlashPack
EK_MALWARE_2014-04-28-fake-flash-updater-traffic-01_mailware-traffic-analysis.net.pcap.txt,FlashUpdate
EK_MALWARE_2013-07-21-Blackhole-EK-traffic_mailware-traffic-analysis.net.pcap.txt,BlackHole
EK_MALWARE_2014-01-21-Neutrino-EK-traffic_mailware-traffic-analysis.net.pcap.txt,Neutrino
EK_MALWARE_2014-06-03-Angler-EK-malware-payload-sandbox-traffic_mailware-traffic-analysis.net.pcap.txt,Angler
EK_MALWARE_2014-09-03-phishing-malware-sandbox-analysis_mailware-traffic-analysis.net.pcap.txt,Phishing
EK_MALWARE_2013-09-28_mailware-traffic-analysis.net.pcap.txt,Unknown
EK_MALWARE_2014-05-27-Fiesta-EK-malware-payload-run-on-physical-host_mailware-traffic-analysis.net.pcap.txt,Fiesta
EK_MALWARE_2014-02-19-Goon-EK-traffic_mailware-traffic-analysis.net.pcap.txt,Goon
EK_MALWARE_2015-01-01-Glupteba-analysis-from-malwr.com_mailware-traffic-analysis.net.pcap.txt,Glupteba
EK_MALWARE_2014-08-21-FlashPack-EK-traffic-first-run_mailware-traffic-analysis.net.pcap.txt,FlashPack
EK_MALWARE_2014-07-30-phishing-malware-sandbox-analysis_mailware-traffic-analysis.net.pcap.txt,Phishing
EK_MALWARE_2013-12-27_mailware-traffic-analysis.net.pcap.txt,Unknown
EK_MALWARE_2014-08-14-Fiesta-EK-malware-payload-1-of-2-sandbox-traffic_mailware-traffic-analysis.net.pcap.txt,Fiesta
EK_MALWARE_2014-07-12-Angler-EK-traffic_mailware-traffic-analysis.net.pcap.txt,Angler
EK_MALWARE_2014-07-19-Nuclear-EK-malware-payload-sandbox-analysis-01_mailware-traffic-analysis.net.pcap.txt,Nuclear
EK_MALWARE_2014-06-16-FlashPack-EK-traffic-second-run_mailware-traffic-analysis.net.pcap.txt,FlashPack
EK_MALWARE_2014-09-26-Angler-EK-traffic_mailware-traffic-analysis.net.pcap.txt,Angler
EK_MALWARE_2014-09-21-Nuclear-EK-traffic_mailware-traffic-analysis.net.pcap.txt,Nuclear
EK_MALWARE_2015-02-13-Magnitude-EK-payload-1-of-4-CryptoWall-3.0_mailware-traffic-analysis.net.pcap.txt,Magnitude
EK_MALWARE_2014-05-07-Angler-EK-traffic_mailware-traffic-analysis.net.pcap.txt,Angler
EK_MALWARE_2014-08-09-Fiesta-EK-traffic_mailware-traffic-analysis.net.pcap.txt,Fiesta
EK_MALWARE_2014-05-11-fake-Flash-updater-analysis-from-malwr_mailware-traffic-analysis.net.pcap.txt,FlashUpdate
EK_MALWARE_2014-01-13-Goon-EK-traffic_mailware-traffic-analysis.net.pcap.txt,Goon
EK_MALWARE_2014-12-08-traffic-analysis-exercise_mailware-traffic-analysis.net.pcap.txt,Unknown
EK_MALWARE_2014-02-18-Fiesta-EK-traffic_mailware-traffic-analysis.net.pcap.txt,Fiesta
EK_MALWARE_2014-01-26-Sweet-Orange-EK_mailware-traffic-analysis.net.pcap.txt,SweetOrange
EK_MALWARE_2014-01-30-Asrpox-malware-infection_mailware-traffic-analysis.net.pcap.txt,Asprox
EK_MALWARE_2014-08-28-Nuclear-EK-traffic_mailware-traffic-analysis.net.pcap.txt,Nuclear
EK_MALWARE_2014-09-24-Fiesta-EK-traffic_mailware-traffic-analysis.net.pcap.txt,Fiesta
EK_MALWARE_2014-03-01-Neutrino-EK-traffic_mailware-traffic-analysis.net.pcap.txt,Neutrino
EK_MALWARE_2014-03-02-Fiesta-EK-traffic_mailware-traffic-analysis.net.pcap.txt,Fiesta
EK_MALWARE_2013-07-28-phishing-malware-traffic_mailware-traffic-analysis.net.pcap.txt,Phishing
EK_MALWARE_2014-07-08-Asprox-malware-download_mailware-traffic-analysis.net.pcap.txt,Asprox
EK_MALWARE_2014-12-26-Fiesta-EK-traffic-02_mailware-traffic-analysis.net.pcap.txt,Fiesta
EK_MALWARE_2014-05-23-Blackhole-EK-traffic_mailware-traffic-analysis.net.pcap.txt,BlackHole
EK_MALWARE_2014-05-26-Nuclear-EK-traffic_mailware-traffic-analysis.net.pcap.txt,Nuclear
EK_MALWARE_2014-08-15-CryptoWall-traffic_mailware-traffic-analysis.net.pcap.txt,CryptoWall
EK_MALWARE_2014-11-22-Angler-EK-traffic_mailware-traffic-analysis.net.pcap.txt,Angler
EK_MALWARE_2014-08-29-phishing-malware-01-sandbox-analysis_mailware-traffic-analysis.net.pcap.txt,Phishing
EK_MALWARE_2014-07-03-Nuclear-EK-traffic_mailware-traffic-analysis.net.pcap.txt,Nuclear
EK_MALWARE_2014-08-27-Sweet-Orange-EK-traffic_mailware-traffic-analysis.net.pcap.txt,SweetOrange
EK_MALWARE_2014-08-26-Fiesta-EK-malware-payload-sandbox-analysis_mailware-traffic-analysis.net.pcap.txt,Fiesta
EK_MALWARE_2014-04-22-Angler-EK-traffic-01_mailware-traffic-analysis.net.pcap.txt,Angler
EK_MALWARE_2015-01-18-traffic-analysis-exercise-2-of-2_mailware-traffic-analysis.net.pcap.txt,Unknown
EK_MALWARE_2014-06-03-Angler-EK-traffic_mailware-traffic-analysis.net.pcap.txt,Angler
EK_MALWARE_2014-01-19-asprox-traffic-from-infected-host_mailware-traffic-analysis.net.pcap.txt,Asprox
EK_MALWARE_2014-05-12-Fiesta-EK-traffic_mailware-traffic-analysis.net.pcap.txt,Fiesta
EK_MALWARE_2014-08-25-Nuclear-EK-traffic_mailware-traffic-analysis.net.pcap.txt,Nuclear
EK_MALWARE_2014-09-09-Rig-EK-traffic_mailware-traffic-analysis.net.pcap.txt,Rig
EK_MALWARE_2014-04-29-fake-flash-updater-02_mailware-traffic-analysis.net.pcap.txt,FlashUpdate
EK_MALWARE_2014-06-25-Nuclear-EK-traffic_mailware-traffic-analysis.net.pcap.txt,Nuclear
EK_MALWARE_2014-05-17-fake-Flash-updater-traffic_mailware-traffic-analysis.net.pcap.txt,FlashUpdate
EK_MALWARE_2014-10-31-phishing-malware-run-in-VM_mailware-traffic-analysis.net.pcap.txt,Phishing
EK_MALWARE_2014-12-11-Asprox-malware-run-on-a-VM_mailware-traffic-analysis.net.pcap.txt,Asprox
EK_MALWARE_2014-05-22-Fiesta-EK-traffic-01_mailware-traffic-analysis.net.pcap.txt,Fiesta
EK_MALWARE_2014-11-15-Angler-EK-traffic_mailware-traffic-analysis.net.pcap.txt,Angler
EK_MALWARE_2014-07-02-fake-USPS-notification-sandbox-analysis_mailware-traffic-analysis.net.pcap.txt,USPS
EK_MALWARE_2014-04-23-Goon-EK-traffic_mailware-traffic-analysis.net.pcap.txt,Goon
EK_MALWARE_2014-06-14-Fiesta-EK-traffic_mailware-traffic-analysis.net.pcap.txt,Fiesta
EK_MALWARE_2014-06-11-Fiesta-EK-malware-payload-sandbox-traffic_mailware-traffic-analysis.net.pcap.txt,Fiesta
EK_MALWARE_2014-08-22-unknown-exploit-kit-traffic_mailware-traffic-analysis.net.pcap.txt,Unknown
EK_MALWARE_2014-02-03-Neutrino-EK-traffic-01_mailware-traffic-analysis.net.pcap.txt,Neutrino
EK_MALWARE_2014-03-05-Goon-EK-traffic_mailware-traffic-analysis.net.pcap.txt,Goon
EK_MALWARE_2014-12-18-Nuclear-EK-traffic_mailware-traffic-analysis.net.pcap.txt,Nuclear
EK_MALWARE_2014-09-30-Fiesta-EK-traffic_mailware-traffic-analysis.net.pcap.txt,Fiesta
EK_MALWARE_2014-06-02-Angler-EK-traffic_mailware-traffic-analysis.net.pcap.txt,Angler
EK_MALWARE_2014-08-21-Sweet-Orange-EK-traffic_mailware-traffic-analysis.net.pcap.txt,SweetOrange
EK_MALWARE_2015-01-01-phishing-email-dropped-malware-executed-on-live-host_mailware-traffic-analysis.net.pcap.txt,Phishing
EK_MALWARE_2014-10-30-FlashPack-EK-traffic_mailware-traffic-analysis.net.pcap.txt,FlashPack
EK_MALWARE_2014-09-04-Sweet-Orange-EK-traffic_mailware-traffic-analysis.net.pcap.txt,SweetOrange
EK_MALWARE_2014-06-06-FlashPack-EK-traffic_mailware-traffic-analysis.net.pcap.txt,FlashPack
EK_MALWARE_2014-04-13-FlashPack-EK-traffic_mailware-traffic-analysis.net.pcap.txt,FlashPack
EK_MALWARE_2014-12-04-traffic-analysis-exercise_mailware-traffic-analysis.net.pcap.txt,Unknown
EK_MALWARE_2014-07-25-Rig-EK-traffic_mailware-traffic-analysis.net.pcap.txt,Rig
EK_MALWARE_2015-02-09-Angler-EK-traffic_mailware-traffic-analysis.net.pcap.txt,Angler
EK_MALWARE_2014-05-04-Angler-EK-traffic-01_mailware-traffic-analysis.net.pcap.txt,Angler
EK_MALWARE_2014-02-04-sweet-orange-EK-traffic_mailware-traffic-analysis.net.pcap.txt,SweetOrange
EK_MALWARE_2014-07-04-Nuclear-EK-malware-payload-sandbox-analysis_mailware-traffic-analysis.net.pcap.txt,Nuclear
EK_MALWARE_2015-01-20-phishing-email-word-document-downloads-malware_mailware-traffic-analysis.net.pcap.txt,Phishing
EK_MALWARE_2014-04-28-fake-flash-updater-traffic-03_mailware-traffic-analysis.net.pcap.txt,FlashUpdate
EK_MALWARE_2014-07-14-Rig-EK-failed-infection-with-java_mailware-traffic-analysis.net.pcap.txt,Rig
EK_MALWARE_2014-09-17-phishing-malware-sandbox-analysis_mailware-traffic-analysis.net.pcap.txt,Phishing
EK_MALWARE_2015-01-21-Upatre-Dyre-infection-traffic_mailware-traffic-analysis.net.pcap.txt,Dyre
EK_MALWARE_2014-06-23-FlashPack-EK-uses-CVE-2013-2551-first-run_mailware-traffic-analysis.net.pcap.txt,FlashPack
EK_MALWARE_2014-05-23-Angler-EK-uses-silverlight-exploit_mailware-traffic-analysis.net.pcap.txt,Angler
EK_MALWARE_2014-07-23-FlashPack-EK-traffic_mailware-traffic-analysis.net.pcap.txt,FlashPack
EK_MALWARE_2014-04-28-Angler-EK-traffic-using-java-exploit_mailware-traffic-analysis.net.pcap.txt,Angler
EK_MALWARE_2014-05-22-Fiesta-EK-traffic-03_mailware-traffic-analysis.net.pcap.txt,Fiesta
EK_MALWARE_2014-06-11-Fiesta-EK-traffic_mailware-traffic-analysis.net.pcap.txt,Fiesta
EK_MALWARE_2014-09-24-phishing-malware-run-in-a-VM_mailware-traffic-analysis.net.pcap.txt,Phishing
EK_MALWARE_2014-08-01-Magnitude-EK-malware-payload-sandbox-analysis-2-of-4_mailware-traffic-analysis.net.pcap.txt,Magnitude
EK_MALWARE_2014-11-16-traffic-analysis-exercise_mailware-traffic-analysis.net.pcap.txt,Unknown
EK_MALWARE_2014-04-29-sandbox-traffic-on-fake-flash-player_mailware-traffic-analysis.net.pcap.txt,Flash
EK_MALWARE_Sandbox-analysis-dafee9aa102b64a21c15af6208537dc0_mailware-traffic-analysis.net.pcap.txt,Zbot
EK_MALWARE_2014-06-22-Nuclear-EK-traffic_mailware-traffic-analysis.net.pcap.txt,Nuclear
EK_MALWARE_2014-04-10-Nuclear-EK-traffic_mailware-traffic-analysis.net.pcap.txt,Nuclear
EK_MALWARE_2014-06-18-fake-Flash-installer-traffic_mailware-traffic-analysis.net.pcap.txt,Flash
EK_MALWARE_2014-10-01-phishing-malware-analysis-from-malwr_mailware-traffic-analysis.net.pcap.txt,Phishing
EK_MALWARE_2014-07-14-Rig-EK-successful-infection_mailware-traffic-analysis.net.pcap.txt,Rig
EK_MALWARE_2014-08-19-Fiesta-EK-traffic_mailware-traffic-analysis.net.pcap.txt,Fiesta
EK_MALWARE_2014-02-12-Fiesta-EK-traffic_mailware-traffic-analysis.net.pcap.txt,Fiesta
EK_MALWARE_2014-02-03-Nuclear-EK-traffic_mailware-traffic-analysis.net.pcap.txt,Nuclear
EK_MALWARE_2013-11-29-successful-infection_mailware-traffic-analysis.net.pcap.txt,Unknown
EK_MALWARE_2014-05-23-Angler-EK-uses-flash-exploit_mailware-traffic-analysis.net.pcap.txt,Angler
EK_MALWARE_2015-01-15-Upatre-Dyre-traffic-example_mailware-traffic-analysis.net.pcap.txt,Dyre
EK_MALWARE_2014-07-08-Sweet-Orange-EK-traffic_mailware-traffic-analysis.net.pcap.txt,SweetOrange
EK_MALWARE_2014-06-29-Magnitude-EK-traffic_mailware-traffic-analysis.net.pcap.txt,Magnitude
EK_MALWARE_2014-05-02-Angler-EK-traffic_mailware-traffic-analysis.net.pcap.txt,Angler
EK_MALWARE_2014-05-11-fake-Flash-updater-example-04_mailware-traffic-analysis.net.pcap.txt,FlashUpdate
EK_MALWARE_2014-06-21-Fiesta-EK-traffic_mailware-traffic-analysis.net.pcap.txt,Fiesta
EK_MALWARE_2014-06-04-Infinity-EK-traffic_mailware-traffic-analysis.net.pcap.txt,Infinity
EK_MALWARE_2014-12-03-phishing-malware-malwr-analysis_mailware-traffic-analysis.net.pcap.txt,Phishing
EK_MALWARE_2015-01-22-Angler-EK-failed-VM-infection-attempt-2-of-3_mailware-traffic-analysis.net.pcap.txt,Angler
EK_MALWARE_2014-08-01-phishing-email-follow-up-malware-sandbox-analysis_mailware-traffic-analysis.net.pcap.txt,Phishing
EK_MALWARE_2014-08-26-Fiesta-EK-traffic_mailware-traffic-analysis.net.pcap.txt,Fiesta
EK_MALWARE_2014-07-24-Sweet-Orange-EK-traffic_mailware-traffic-analysis.net.pcap.txt,SweetOrange
EK_MALWARE_2014-09-01-phishing-malware-traffic-from-infected-VM_mailware-traffic-analysis.net.pcap.txt,Phishing
EK_MALWARE_2014-05-02-Magnitude-EK-traffic_mailware-traffic-analysis.net.pcap.txt,Magnitude
EK_MALWARE_2014-08-14-phishing-malware-infection-traffic_mailware-traffic-analysis.net.pcap.txt,Phishing
EK_MALWARE_2013-07-14-DotkaChef-EK-traffic_mailware-traffic-analysis.net.pcap.txt,DotkaChef
EK_MALWARE_2014-09-16-Angler-EK-traffic_mailware-traffic-analysis.net.pcap.txt,Angler
EK_MALWARE_2014-06-27-Nuclear-EK-traffic_mailware-traffic-analysis.net.pcap.txt,Nuclear
EK_MALWARE_2014-05-30-Rig-EK-traffic_mailware-traffic-analysis.net.pcap.txt,Rig
EK_MALWARE_2014-06-24-Angler-EK-traffic_mailware-traffic-analysis.net.pcap.txt,Angler
EK_MALWARE_2014-08-20-Sweet-Orange-EK-traffic_mailware-traffic-analysis.net.pcap.txt,SweetOrange
EK_MALWARE_2014-07-25-phishing-email-malware-sandbox-analysis_mailware-traffic-analysis.net.pcap.txt,Phishing
EK_MALWARE_2013-11-29-unsuccessful-infection_mailware-traffic-analysis.net.pcap.txt,Unknown
EK_MALWARE_2014-05-24-FlashPack-EK-traffic_mailware-traffic-analysis.net.pcap.txt,FlashPack
EK_MALWARE_2014-08-08-phishing-malware-02-traffic_mailware-traffic-analysis.net.pcap.txt,Phishing
EK_MALWARE_2014-08-01-phishing-email-follow-up-malware-download_mailware-traffic-analysis.net.pcap.txt,Phishing
EK_MALWARE_2014-07-12-Angler-EK-malware-sandbox-analysis_mailware-traffic-analysis.net.pcap.txt,Angler
EK_MALWARE_2014-08-11-FlashPack-EK-traffic_mailware-traffic-analysis.net.pcap.txt,FlashPack
EK_MALWARE_2014-11-13-Fiesta-EK-traffic_mailware-traffic-analysis.net.pcap.txt,Fiesta
EK_MALWARE_2014-04-16-Fiesta-EK-traffic_mailware-traffic-analysis.net.pcap.txt,Fiesta
EK_MALWARE_2014-11-05-malwr.com-analysis-of-image001N.exe_mailware-traffic-analysis.net.pcap.txt,Unknown
EK_MALWARE_2014-09-22-phishing-malware-run-in-a-VM_mailware-traffic-analysis.net.pcap.txt,Phishing
EK_MALWARE_2015-01-13-Dyre-phishing-run-traffic_mailware-traffic-analysis.net.pcap.txt,Dyre
EK_MALWARE_2014-08-15-Zemot-traffic_mailware-traffic-analysis.net.pcap.txt,Zemot
EK_MALWARE_2015-01-01-phishing-email-word-attachment-executed-on-VM_mailware-traffic-analysis.net.pcap.txt,Phishing
EK_MALWARE_2014-05-07-sandbox-analysis-of-Angler-EK-malware-payload_mailware-traffic-analysis.net.pcap.txt,Angler
EK_MALWARE_2014-03-22-Fiesta-EK-java-exploit_mailware-traffic-analysis.net.pcap.txt,Fiesta
EK_MALWARE_2015-01-07-phishing-malware-run-on-VM_mailware-traffic-analysis.net.pcap.txt,Phishing
EK_MALWARE_2014-09-17-phishing-malware-vm-infection_mailware-traffic-analysis.net.pcap.txt,Phishing
EK_MALWARE_2015-01-09-traffic-analysis-exercise_mailware-traffic-analysis.net.pcap.txt,Unknown
EK_MALWARE_2014-04-09-Nuclear-EK-traffic_mailware-traffic-analysis.net.pcap.txt,Nuclear
EK_MALWARE_2014-04-08-Fiesta-EK-traffic_mailware-traffic-analysis.net.pcap.txt,Fiesta
EK_MALWARE_2014-06-17-Magnitude-EK-traffic-first-run_mailware-traffic-analysis.net.pcap.txt,Magnitude
EK_MALWARE_2013-08-10-Styx-EK-traffic_mailware-traffic-analysis.net.pcap.txt,Styx
EK_MALWARE_2015-01-26-Dridex-traffic-from-infected-VM_mailware-traffic-analysis.net.pcap.txt,Dridex
EK_MALWARE_2014-08-06-Nuclear-EK-traffic_mailware-traffic-analysis.net.pcap.txt,Nuclear
EK_MALWARE_2014-07-29-phishing-malware-sandbox-analysis_mailware-traffic-analysis.net.pcap.txt,Phishing
EK_MALWARE_2014-03-17-Zuponcic-EK-traffic_mailware-traffic-analysis.net.pcap.txt,Zuponcic
EK_MALWARE_2014-05-14-fake-Flash-updater-traffic_mailware-traffic-analysis.net.pcap.txt,FlashUpdate
EK_MALWARE_2014-09-18-Fiesta-EK-traffic_mailware-traffic-analysis.net.pcap.txt,Fiesta
EK_MALWARE_2014-06-05-Fiesta-EK-traffic_mailware-traffic-analysis.net.pcap.txt,Fiesta
EK_MALWARE_2014-03-07-Goon-EK-traffic_mailware-traffic-analysis.net.pcap.txt,Goon
EK_MALWARE_2014-05-03-fake-Flash-player-sandbox-analysis_mailware-traffic-analysis.net.pcap.txt,Flash
EK_MALWARE_2015-02-05-Fiesta-EK-traffic_mailware-traffic-analysis.net.pcap.txt,Fiesta
EK_MALWARE_2014-12-01-Neutrino-EK-traffic-second-run_mailware-traffic-analysis.net.pcap.txt,Neutrino
EK_MALWARE_2014-09-25-Sweet-Orange-EK-traffic_mailware-traffic-analysis.net.pcap.txt,SweetOrange
EK_MALWARE_2014-10-08-phishing-malware-analysis-from-malwr.com_mailware-traffic-analysis.net.pcap.txt,Phishing
EK_MALWARE_2014-11-29-Neutrino-EK-traffic-second-run_mailware-traffic-analysis.net.pcap.txt,Neutrino
EK_MALWARE_2014-09-22-Angler-EK-traffic_mailware-traffic-analysis.net.pcap.txt,Angler
EK_MALWARE_2014-07-10-Nuclear-EK-traffic_mailware-traffic-analysis.net.pcap.txt,Nuclear
EK_MALWARE_2014-11-10-Angler-EK-traffic_mailware-traffic-analysis.net.pcap.txt,Angler
EK_MALWARE_2014-09-09-Angler-EK-traffic_mailware-traffic-analysis.net.pcap.txt,Angler
EK_MALWARE_2015-01-27-Upatre-Dyre-malspam-infecting-a-VM_mailware-traffic-analysis.net.pcap.txt,Dyre
EK_MALWARE_2014-05-10-Goon-EK-traffic_mailware-traffic-analysis.net.pcap.txt,Goon
EK_MALWARE_2014-11-19-Fiesta-EK-traffic-on-VM_mailware-traffic-analysis.net.pcap.txt,Fiesta
EK_MALWARE_2014-05-03-fake-Flash-updater-traffic_mailware-traffic-analysis.net.pcap.txt,FlashUpdate
EK_MALWARE_2014-05-21-Sweet-Orange-EK-traffic_mailware-traffic-analysis.net.pcap.txt,SweetOrange
EK_MALWARE_2014-04-29-fake-flash-updater-03_mailware-traffic-analysis.net.pcap.txt,FlashUpdate
EK_MALWARE_2014-10-01-Angler-EK-traffic_mailware-traffic-analysis.net.pcap.txt,Angler
EK_MALWARE_2015-01-23-Nuclear-EK-and-vawtrak-traffic_mailware-traffic-analysis.net.pcap.txt,Nuclear
EK_MALWARE_2014-04-01-Fiesta-EK-traffic_mailware-traffic-analysis.net.pcap.txt,Fiesta
EK_MALWARE_2014-11-11-Angler-EK-traffic-only_mailware-traffic-analysis.net.pcap.txt,Angler
EK_MALWARE_2014-06-08-Infinity-EK-traffic_mailware-traffic-analysis.net.pcap.txt,Infinity
EK_MALWARE_2014-10-30-Angler-EK-traffic_mailware-traffic-analysis.net.pcap.txt,Angler
EK_MALWARE_2013-07-31-Cool-EK-traffic_mailware-traffic-analysis.net.pcap.txt,Cool
EK_MALWARE_2014-04-30-fake-flash-player-traffic_mailware-traffic-analysis.net.pcap.txt,Flash
EK_MALWARE_2014-10-01-phishing-malware-run-on-a-VM_mailware-traffic-analysis.net.pcap.txt,Phishing
EK_MALWARE_2015-01-29-Nuclear-EK-traffic_mailware-traffic-analysis.net.pcap.txt,Nuclear
EK_MALWARE_UpdateFlashPlayer_4caf296.exe-malwr.com-analysis_mailware-traffic-analysis.net.pcap.txt,Flash
EK_MALWARE_2014-10-30-FlashPack-EK-malware-payload-malwr.com-analysis_mailware-traffic-analysis.net.pcap.txt,FlashPack
EK_MALWARE_2014-07-28-Angler-EK-malware-payload-sandbox-analysis-win7_mailware-traffic-analysis.net.pcap.txt,Angler
EK_MALWARE_2014-11-01-Fiesta-EK-traffic_mailware-traffic-analysis.net.pcap.txt,Fiesta
EK_MALWARE_2014-11-29-Neutrino-EK-traffic-first-run_mailware-traffic-analysis.net.pcap.txt,Neutrino
EK_MALWARE_2014-05-28-cryptowall-infection-on-VM_mailware-traffic-analysis.net.pcap.txt,CryptoWall
EK_MALWARE_2014-03-08-Neutrino-EK-traffic_mailware-traffic-analysis.net.pcap.txt,Neutrino
EK_MALWARE_2014-02-02-Neutrino-EK-silverlight-exploit_mailware-traffic-analysis.net.pcap.txt,Neutrino
EK_MALWARE_2014-10-03-phishing-malware-analysis-from-malwr.com_mailware-traffic-analysis.net.pcap.txt,Phishing
EK_MALWARE_2015-02-08-traffic-analysis-exercise_mailware-traffic-analysis.net.pcap.txt,Unknown
EK_MALWARE_2014-10-27-phishing-malware-traffic-02_mailware-traffic-analysis.net.pcap.txt,Phishing
EK_MALWARE_2014-08-25-Sweet-Orange-EK-traffic_mailware-traffic-analysis.net.pcap.txt,SweetOrange
EK_MALWARE_2014-12-15-Nuclear-EK-traffic_mailware-traffic-analysis.net.pcap.txt,Nuclear
EK_MALWARE_2015-02-10-Angler-EK-traffic_mailware-traffic-analysis.net.pcap.txt,Angler
EK_MALWARE_2014-04-28-fake-flash-updater-traffic-04_mailware-traffic-analysis.net.pcap.txt,FlashUpdate
EK_MALWARE_2014-04-15-Goon-EK-exploit-examples_mailware-traffic-analysis.net.pcap.txt,Goon
EK_MALWARE_2014-05-30-Rig-EK-traffic-using-IE10_mailware-traffic-analysis.net.pcap.txt,Rig
EK_MALWARE_2014-05-14-sandbox-traffic-on-fake-Flash-player_mailware-traffic-analysis.net.pcap.txt,Flash
EK_MALWARE_2014-04-18-Fiesta-EK-traffic_mailware-traffic-analysis.net.pcap.txt,Fiesta
EK_MALWARE_2014-02-26-Angler-EK-traffic_mailware-traffic-analysis.net.pcap.txt,Angler
EK_MALWARE_2014-06-01-exe.exe-sandbox-analysis_mailware-traffic-analysis.net.pcap.txt,Unknown
EK_MALWARE_2014-09-04-phishing-malware-traffic_mailware-traffic-analysis.net.pcap.txt,Phishing
EK_MALWARE_2014-06-30-Infinity-EK-traffic_mailware-traffic-analysis.net.pcap.txt,Infinity
EK_MALWARE_2014-11-05-malwr.com-analysis-of-image002D.exe_mailware-traffic-analysis.net.pcap.txt,Unknown
EK_MALWARE_2014-04-07-Nuclear-EK-traffic_mailware-traffic-analysis.net.pcap.txt,Nuclear
EK_MALWARE_2014-06-24-Magnitude-EK-traffic_mailware-traffic-analysis.net.pcap.txt,Magnitude
EK_MALWARE_2014-05-19-fake-Flash-updater-traffic_mailware-traffic-analysis.net.pcap.txt,FlashUpdate
EK_MALWARE_2014-01-27-Goon-EK-silverlight_mailware-traffic-analysis.net.pcap.txt,Goon
EK_MALWARE_Live-analysis-4845a080eae462ccb2f3a3eb014d073f_mailware-traffic-analysis.net.pcap.txt,Unknown
EK_MALWARE_2014-04-29-Angler-EK-traffic_mailware-traffic-analysis.net.pcap.txt,Angler
EK_MALWARE_2014-06-21-Fiesta-EK-malware-payload-sandbox-analysis_mailware-traffic-analysis.net.pcap.txt,Fiesta
EK_MALWARE_2014-08-16-Angler-EK-traffic_mailware-traffic-analysis.net.pcap.txt,Angler
EK_MALWARE_2014-07-28-Angler-EK-malware-payload-sandbox-analysis-winxp_mailware-traffic-analysis.net.pcap.txt,Angler
EK_MALWARE_2014-10-27-phishing-malware-traffic-01_mailware-traffic-analysis.net.pcap.txt,Phishing
EK_MALWARE_2014-05-13-Angler-EK-traffic_mailware-traffic-analysis.net.pcap.txt,Angler
EK_MALWARE_2014-09-15-Fiesta-EK-traffic_mailware-traffic-analysis.net.pcap.txt,Fiesta
EK_MALWARE_2014-05-20-Rig-EK-traffic_mailware-traffic-analysis.net.pcap.txt,Rig
EK_MALWARE_2014-02-02-Neutrino-EK-java-exploit_mailware-traffic-analysis.net.pcap.txt,Neutrino
EK_MALWARE_2014-03-09-Fiesta-EK-traffic-successful-attempt_mailware-traffic-analysis.net.pcap.txt,Fiesta
EK_MALWARE_2015-01-13-malwr.com-analysis-of-the-upatre-downloader_mailware-traffic-analysis.net.pcap.txt,Uptare Downloader
EK_MALWARE_2014-08-18-phishing-malware-sandbox-traffic_mailware-traffic-analysis.net.pcap.txt,Phishing
EK_MALWARE_2014-04-03-FlashPack-EK-traffic_mailware-traffic-analysis.net.pcap.txt,FlashPack
EK_MALWARE_2015-02-02-malspam-email-infected-VM-traffic_mailware-traffic-analysis.net.pcap.txt,Malspam
EK_MALWARE_2014-12-26-Fiesta-EK-traffic-03_mailware-traffic-analysis.net.pcap.txt,Fiesta
EK_MALWARE_2014-04-16-Magnitude-EK-traffic_mailware-traffic-analysis.net.pcap.txt,Magnitude
EK_MALWARE_2015-02-11-Windigo-Group-Nuclear-EK-traffic-example-02_mailware-traffic-analysis.net.pcap.txt,Nuclear
EK_MALWARE_2014-10-04-Rig-EK-and-Upatre-traffic_mailware-traffic-analysis.net.pcap.txt,Rig
EK_MALWARE_2014-10-28-Asprox-free-pizza-file-malwr.com-analysis_mailware-traffic-analysis.net.pcap.txt,Asprox
EK_MALWARE_2014-11-21-fake-av-traffic_mailware-traffic-analysis.net.pcap.txt,Fake AV
EK_MALWARE_2014-07-20-Fiesta-EK-malware-payload-sandbox-analysis_mailware-traffic-analysis.net.pcap.txt,Fiesta
EK_MALWARE_2014-08-01-Magnitude-EK-malware-payload-sandbox-analysis-3-of-4_mailware-traffic-analysis.net.pcap.txt,Magnitude
EK_MALWARE_2014-02-11-post-infection-traffic_mailware-traffic-analysis.net.pcap.txt,Unknown
EK_MALWARE_2014-10-03-malwr-analysis-jyrhg.exe_mailware-traffic-analysis.net.pcap.txt,Unknown
EK_MALWARE_2015-02-11-Windigo-Group-Nuclear-EK-traffic-example-03_mailware-traffic-analysis.net.pcap.txt,Nuclear
EK_MALWARE_2014-12-25-Nuclear-EK-from-Windigo-group-traffic_mailware-traffic-analysis.net.pcap.txt,Nuclear
EK_MALWARE_2014-08-15-Magnitude-EK-traffic-second-run_mailware-traffic-analysis.net.pcap.txt,Magnitude
EK_MALWARE_2014-01-07-neutrino-exploit-traffic_mailware-traffic-analysis.net.pcap.txt,Neutrino
EK_MALWARE_2014-03-14-Goon-EK-traffic_mailware-traffic-analysis.net.pcap.txt,Goon
EK_MALWARE_2014-05-18-Fiesta-EK-traffic_mailware-traffic-analysis.net.pcap.txt,Fiesta
EK_MALWARE_2014-05-27-Fiesta-EK-traffic_mailware-traffic-analysis.net.pcap.txt,Fiesta
EK_MALWARE_2015-01-01-Glupteba-run-on-a-VM_mailware-traffic-analysis.net.pcap.txt,Glupteba
EK_MALWARE_2014-08-01-Magnitude-EK-infection-traffic_mailware-traffic-analysis.net.pcap.txt,Magnitude
EK_MALWARE_2015-01-30-Angler-EK-traffic_mailware-traffic-analysis.net.pcap.txt,Angler
EK_MALWARE_2014-09-08-Angler-EK-traffic_mailware-traffic-analysis.net.pcap.txt,Angler
EK_MALWARE_2014-11-06-Nuclear-EK-traffic_mailware-traffic-analysis.net.pcap.txt,Nuclear
EK_MALWARE_2014-05-16-Rig-EK-malware-payload-sandbox-analysis_mailware-traffic-analysis.net.pcap.txt,Rig
EK_MALWARE_2014-09-28-Styx-EK-failed-attempts_mailware-traffic-analysis.net.pcap.txt,Styx
EK_MALWARE_2014-07-09-Fiesta-EK-traffic_mailware-traffic-analysis.net.pcap.txt,Fiesta
EK_MALWARE_2014-05-28-Angler-EK-malware-payload-sandbox-analysis_mailware-traffic-analysis.net.pcap.txt,Angler
EK_MALWARE_2014-09-01-Rig-EK-traffic_mailware-traffic-analysis.net.pcap.txt,Rig
EK_MALWARE_2014-07-09-Zuponcic-EK-traffic-java-6u25_mailware-traffic-analysis.net.pcap.txt,Zuponcic
EK_MALWARE_2014-06-07-Fiesta-EK-traffic_mailware-traffic-analysis.net.pcap.txt,Fiesta
EK_MALWARE_2014-04-26-Magnitude-EK-traffic_mailware-traffic-analysis.net.pcap.txt,Magnitude
EK_MALWARE_2014-07-09-Fiesta-EK-malware-sandbox-analysis_mailware-traffic-analysis.net.pcap.txt,Fiesta
EK_MALWARE_2014-05-04-Angler-EK-traffic-02_mailware-traffic-analysis.net.pcap.txt,Angler
EK_MALWARE_2014-04-28-Angler-EK-traffic-using-flash-exploit_mailware-traffic-analysis.net.pcap.txt,Angler
EK_MALWARE_2014-05-07-Goon-EK-traffic_mailware-traffic-analysis.net.pcap.txt,Goon
EK_MALWARE_2014-07-22-Fiesta-EK-traffic_mailware-traffic-analysis.net.pcap.txt,Fiesta
EK_MALWARE_2014-08-24-Fiesta-EK-with-post-infection-traffic_mailware-traffic-analysis.net.pcap.txt,Fiesta
EK_MALWARE_2014-07-11-phishing-malware-sandbox-analysis_mailware-traffic-analysis.net.pcap.txt,Phishing
EK_MALWARE_2014-06-15-Nuclear-EK-traffic_mailware-traffic-analysis.net.pcap.txt,Nuclear
EK_MALWARE_2014-04-22-Angler-EK-traffic-02_mailware-traffic-analysis.net.pcap.txt,Angler
EK_MALWARE_2014-08-01-Magnitude-EK-malware-payload-sandbox-analysis-1-of-4_mailware-traffic-analysis.net.pcap.txt,Magnitude
EK_MALWARE_2014-09-05-Asprox-malware-sandbox-analysis_mailware-traffic-analysis.net.pcap.txt,Asprox
EK_MALWARE_2014-02-03-Neutrino-EK-traffic-02_mailware-traffic-analysis.net.pcap.txt,Neutrino
EK_MALWARE_2014-01-24-Nuclear-EK-traffic_mailware-traffic-analysis.net.pcap.txt,Nuclear
EK_MALWARE_2014-09-29-Nuclear-EK-traffic_mailware-traffic-analysis.net.pcap.txt,Nuclear
EK_MALWARE_2014-03-23-blackhole-EK-traffic_mailware-traffic-analysis.net.pcap.txt,BlackHole
EK_MALWARE_2014-10-26-Fiesta-EK-traffic_mailware-traffic-analysis.net.pcap.txt,Fiesta
EK_MALWARE_2014-12-01-Neutrino-EK-traffic-first-run_mailware-traffic-analysis.net.pcap.txt,Neutrino
EK_MALWARE_2014-03-29-FlashPack-EK-traffic_mailware-traffic-analysis.net.pcap.txt,FlashPack
EK_MALWARE_2014-11-15-Rig-EK-traffic_mailware-traffic-analysis.net.pcap.txt,Rig
EK_MALWARE_2014-08-18-Sweet-Orange-EK-second-run_mailware-traffic-analysis.net.pcap.txt,SweetOrange
EK_MALWARE_2014-04-05-Fiesta-EK-traffic_mailware-traffic-analysis.net.pcap.txt,Fiesta
EK_MALWARE_2014-10-09-Mangitude-EK-payload-4-of-6-malwr.com-analysis_mailware-traffic-analysis.net.pcap.txt,Magnitude
EK_MALWARE_2015-01-26-Neutrino-EK-traffic_mailware-traffic-analysis.net.pcap.txt,Neutrino
EK_MALWARE_2014-05-29-FlashPack-EK-traffic_mailware-traffic-analysis.net.pcap.txt,FlashPack
EK_MALWARE_2015-02-09-Sweet-Orange-EK-traffic_mailware-traffic-analysis.net.pcap.txt,SweetOrange
EK_MALWARE_2014-05-28-Angler-EK-uses-silverlight-exploit_mailware-traffic-analysis.net.pcap.txt,Angler
EK_MALWARE_2014-07-19-Nuclear-EK-malware-payload-sandbox-analysis-02_mailware-traffic-analysis.net.pcap.txt,Nuclear
EK_MALWARE_2014-08-01-Magnitude-EK-malware-payload-sandbox-analysis-4-of-4_mailware-traffic-analysis.net.pcap.txt,Magnitude
EK_MALWARE_2014-12-11-Asprox-dropped-malware-02_mailware-traffic-analysis.net.pcap.txt,Asprox
EK_MALWARE_2014-11-02-Angler-EK-traffic_mailware-traffic-analysis.net.pcap.txt,Angler
EK_MALWARE_2014-07-19-FlashPack-EK-traffic_mailware-traffic-analysis.net.pcap.txt,FlashPack
EK_MALWARE_2014-12-11-Asprox-dropped-malware-01_mailware-traffic-analysis.net.pcap.txt,Asprox
EK_MALWARE_2014-05-11-fake-Flash-updater-example-01_mailware-traffic-analysis.net.pcap.txt,FlashUpdate
EK_MALWARE_2013-10-28_mailware-traffic-analysis.net.pcap.txt,Unknown
EK_MALWARE_2014-04-06-Goon-EK-traffic_mailware-traffic-analysis.net.pcap.txt,Goon
EK_MALWARE_2014-06-27-fake-USPS-notification-sandbox-analysis_mailware-traffic-analysis.net.pcap.txt,USPS
EK_MALWARE_2014-05-22-Fiesta-EK-traffic-02_mailware-traffic-analysis.net.pcap.txt,Fiesta
EK_MALWARE_2015-02-13-Magnitude-EK-payload-4-of-4-Simda_mailware-traffic-analysis.net.pcap.txt,Magnitude
EK_MALWARE_2014-04-17-FlashPack-EK-traffic_mailware-traffic-analysis.net.pcap.txt,FlashPack
EK_MALWARE_2015-01-23-Windigo-group-Nuclear-EK-traffic_mailware-traffic-analysis.net.pcap.txt,Nuclear
EK_MALWARE_2014-12-05-phishing-email-traffic_mailware-traffic-analysis.net.pcap.txt,Phishing
EK_MALWARE_2014-03-31-Fiesta-EK-traffic-02_mailware-traffic-analysis.net.pcap.txt,Fiesta
EK_MALWARE_2014-08-15-Magnitude-EK-traffic-first-run_mailware-traffic-analysis.net.pcap.txt,Magnitude
EK_MALWARE_2014-08-30-FlashPack-EK-traffic_mailware-traffic-analysis.net.pcap.txt,FlashPack
EK_MALWARE_2014-03-06-android-malware_mailware-traffic-analysis.net.pcap.txt,Android
EK_MALWARE_2014-05-28-Angler-EK-uses-flash-exploit_mailware-traffic-analysis.net.pcap.txt,Angler
EK_MALWARE_2014-10-09-Magnitude-EK-traffic_mailware-traffic-analysis.net.pcap.txt,Magnitude
EK_MALWARE_2014-09-04-Nuclear-EK-traffic_mailware-traffic-analysis.net.pcap.txt,Nuclear
EK_MALWARE_2014-11-30-Gondad-EK-traffic_mailware-traffic-analysis.net.pcap.txt,Gondad
EK_MALWARE_2014-09-30-phishing-malware-VM-infection_mailware-traffic-analysis.net.pcap.txt,Phishing
EK_MALWARE_2014-07-11-Angler-EK-malware-payload-sandbox-analysis_mailware-traffic-analysis.net.pcap.txt,Angler
EK_MALWARE_2014-07-28-Angler-EK-traffic_mailware-traffic-analysis.net.pcap.txt,Angler
EK_MALWARE_2014-10-09-Mangitude-EK-payload-1-of-6-malwr.com-analysis_mailware-traffic-analysis.net.pcap.txt,Magnitude
EK_MALWARE_2014-11-14-Angler-EK-traffic_mailware-traffic-analysis.net.pcap.txt,Angler
EK_MALWARE_2014-03-04-Hello-EK-traffic_mailware-traffic-analysis.net.pcap.txt,Hello
EK_MALWARE_2014-04-15-Goon-EK-exploit-example-hour-before_mailware-traffic-analysis.net.pcap.txt,Goon
EK_MALWARE_Live-analysis-6b20036e7b3ae7a24231ff351a9251e1_mailware-traffic-analysis.net.pcap.txt,Delta
EK_MALWARE_2014-03-28-Fiesta-EK-traffic_mailware-traffic-analysis.net.pcap.txt,Fiesta
EK_MALWARE_Live-analysis-f8825c98266e7549515f7479acc4cb04_mailware-traffic-analysis.net.pcap.txt,Delta
EK_MALWARE_2013-12-23_mailware-traffic-analysis.net.pcap.txt,Unknown
EK_MALWARE_2014-08-22-Nuclear-EK-traffic_mailware-traffic-analysis.net.pcap.txt,Nuclear
EK_MALWARE_2014-08-01-Nuclear-EK-traffic_mailware-traffic-analysis.net.pcap.txt,Nuclear
EK_MALWARE_2014-04-17-Magnitude-EK-traffic_mailware-traffic-analysis.net.pcap.txt,Magnitude
EK_MALWARE_2014-05-08-Nuclear-EK-traffic-08_mailware-traffic-analysis.net.pcap.txt,Nuclear
BIN_8202_6d2c12085f0018daeb9c1a53e53fd4d1.pcap.txt,Trojan Gen
BIN_Alinav5.3_4C754150639AA3A86CA4D6B6342820BE.pcap.txt,Alinav
BIN_Andromeda_85F908A5BD0ADA2D72D138E038AECC7D_2013-04.pcap.txt,Andromeda
BIN_ArdamaxKeylogger_E33AF9E602CBB7AC3634C2608150DD18.pcap.txt,AdramaxKeylogger
BIN_Bitcoinminer_12E717293715939C5196E604591A97DF-2013-05-12.pcap.txt,BitcoinMiner
BIN_CitadelUnpacked_2012-05.pcap.txt,Citadell
BIN_Cutwail_284Fb18Fab33C93Bc69Ce392D08Fd250_2012-10.pcap.txt,Cutwail
BIN_Darkmegi_2012-04.pcap.txt,Darkmegi
BIN_DarknessDDoS_v8g_F03Bc8Dcc090607F38Ffb3A36Ccacf48_2011-01.pcap.txt,Darkness
BIN_DNSChanger_2011-12.pcap.txt,DNSChanger
BIN_DNSWatch_protux_4F8A44EF66384CCFAB737C8D7ADB4BB8_2012-11.pcap.txt,DNSWatch
BIN_Drowor_worm_0f015bb8e2f93fd7076f8d178df2450d_2013-04.pcap.txt,Drowor_Worm
BIN_Enfal_Lurid_0fb1b0833f723682346041d72ed112f9_2013-01.pcap.txt,Enfal_Lurid
BIN_Gh0st-gif_f4d4076dff760eb92e4ae559c2dc4525.pcap.txt,Gh0st
BIN_Gh0st_variant-v2010_B1D09374006E20FA795B2E70BF566C6D_2012-08.pcap.txt,Gh0st
BIN_Googledocs_macadocs_2012-12.pcap.txt,GoogleDocs
BIN_Gypthoy_3EE49121300384FF3C82EB9A1F06F288.pcap.txt,Gypthoy
BIN_Hupigon_8F90057AB244BD8B612CD09F566EAC0C.pcap.txt,Hupigon
BIN_Imaut_823e9bab188ad8cb30c14adc7e67066d.pcap.txt,Imaut
BIN_IRCbot_c6716a417f82ccedf0f860b735ac0187_2013-04.pcap.txt,IRCbot
BIN_IXESHE_0F88D9B0D237B5FCDC0F985A548254F2-2013-05.pcap.txt,IXESHE
BIN_Kelihos_aka_Nap_0feaaa4adc31728e54b006ab9a7e6afa.pcap.txt,Kelihos
BIN_Lader-dlGameoverZeus_12cfe1caa12991102d79a366d3aa79e9.pcap.txt,Gameover_Zeus
BIN_Likseput_E019E37F19040059AB5662563F06B609_2012-10.pcap.txt,Likseput
BIN_LURK_AF4E8D4BE4481D0420CCF1C00792F484_20120-10.pcap.txt,LURK
BIN_MatsnuMBRwiping_1B2D2A4B97C7C2727D571BBF9376F54F.pcap.txt,MatsnuMBRwiping
BIN_Mediana_0AE47E3261EA0A2DBCE471B28DFFE007_2012-10.pcap.txt,Mediana
BIN_Nettravler_1f26e5f9b44c28b37b6cd13283838366.pcap.txt,Nettravler
BIN_Nettravler_DA5832657877514306EDD211DEF61AFE_2012-10.pcap.txt,Nettravler
BIN_Nitedrem_508af8c499102ad2ebc1a83fdbcefecb.pcap.txt,Nitedrem
BIN_NJRat-BackdoorLV_6fd868e68037040c94215566852230ab_CNtiananmensquare.pcap.txt,NJRat
BIN_PlugX_2ff2d518313475a612f095dd863c8aea.pcap.txt,PlugX
BIN_Ponyloader-Zeus_B10393BE747143F3B4622E9E5277FFCE.pcap.txt,Zeus
BIN_PowerLoader_4497A231DA9BD0EEA327DDEC4B31DA12_2013-05.pcap.txt,PowerLoader
BIN_Reedum_0ca4f93a848cf01348336a8c6ff22daf_2013-03.pcap.txt,Reedum
BIN_RssFeeder_68EE5FDA371E4AC48DAD7FCB2C94BAC7-2012-06.pcap.txt,RSSFeeder
BIN_sality_CEAF4D9E1F408299144E75D7F29C1810.pcap.txt,Sality
BIN_Sanny-Daws_338D0B855421867732E05399A2D56670_2012-10.pcap.txt,Sanny
BIN_SpyEye_2010-02.pcap.txt,SpyeEye
BIN_Stabuniq_F31B797831B36A4877AA0FD173A7A4A2_2012-12.pcap.txt,Stabuniq
BIN_Taidoor_40D79D1120638688AC7D9497CC819462_2012-10.pcap.txt,Taidoor
BIN_Taidoor_46ef9b0f1419e26f2f37d9d3495c499f.pcap.txt,Taidoor
BIN_Taleret.E_5328cfcb46ef18ecf7ba0d21a7adc02c.pcap.txt,Taleret
BIN_Tapaoux_60AF79FB0BD2C9F33375035609C931CB_winver_2011-08-23.pcap.txt,Tapaoux
BIN_Tbot_23AAB9C1C462F3FDFDDD98181E963230_2012-12.pcap.txt,Tbot
BIN_Tbot_2E1814CCCF0C3BB2CC32E0A0671C0891_2012-12.pcap.txt,Tbot
BIN_Tbot_5375FB5E867680FFB8E72D29DB9ABBD5_2012-12.pcap.txt,Tbot
BIN_Tbot_A0552D1BC1A4897141CFA56F75C04857_2012-12.pcap.txt,Tbot
BIN_Tbot_FC7C3E087789824F34A9309DA2388CE5_2012-12.pcap.txt,Tbot
BIN_Tinba_2012-06.pcap.txt,Tinba
BIN_torpigminiloader_011C1CA6030EE091CE7C20CD3AAECFA0.pcap.txt,torpigminiloader
BIN_torpigminiloader_C3366B6006ACC1F8DF875EAA114796F0.pcap.txt,torpigminiloader
BIN_TrojanCookies_840BD11343D140916F45223BA05ABACB_2012_01.pcap.txt,TrojanCookies
BIN_TrojanPage_86893886C7CBC7310F7675F4EFDE0A29.pcap.txt,TrojanPage
BIN_UStealD_2b796f11f15e8c73f8f69180cf74b39d.pcap.txt,UstealD
BIN_Vobfus_634AA845F5B0B519B6D8A8670B994906_2012-12.pcap.txt,Vobfus
BIN_Wordpress_Mutopy_Symmi_20A6EBF61243B760DD65F897236B6AD3-DeepEndR.pcap.txt,Symmi
BIN_Wordpress_Mutopy_Symmi_20A6EBF61243B760DD65F897236B6AD3-ShortRun.pcap.txt,Symmi
BIN_Xpaj_2012-05.pcap.txt,Xpaj
BIN_ZeroAccess_3169969E91F5FE5446909BBAB6E14D5D_2012-10.pcap.txt,Sirefef
BIN_ZeroAccess_Sirefef_29A35124ABEAD63CD8DB2BBB469CBC7A_2013-05.pcap.txt,Sirefef
BIN_ZeroAccess_Sirefef_C2A9CCC8C6A6DF1CA1725F955F991940_2013-08.pcap.txt,Sirefef
BIN_Zeus_b1551c676a54e9127cd0e7ea283b92cc-2012-04.pcap.txt,Zeus
BIN_ZeusGameover_2012-02.pcap.txt,Zeus
EK_Blackholev2_2012-09.pcap.txt,BlackHole
EK_Blackholev1_2012-08.pcap.txt,BlackHole
EK_Blackholev1_2012-03.pcap.txt,BlackHole
EK_Blackhole_55A60EBB5EC6079C52CEDB6CB1DC48AD.pcap.txt,BlackHole
EK_BIN_Blackhole_leadingto_Medfos_0512E73000BCCCE5AFD2E9329972208A_2013-04.pcap.txt,BlackHole
Training_Benign.txt,Benign
2015-03-19_winnormal.onlynormal-2.pcap.txt,Benign
2015-03-19_winnormal.onlynormal.pcap.txt,Benign
2015-03-19_winnormal.pcap.txt,Benign
botnet-capture-20110810-neris.pcap.txt,Botnet
botnet-capture-20110811-neris.pcap.txt,Botnet
botnet-capture-20110812-rbot.pcap.txt,Botnet
botnet-capture-20110815-fast-flux-2.pcap.txt,Botnet
botnet-capture-20110815-fast-flux.pcap.txt,Botnet
botnet-capture-20110815-rbot-dos.pcap.txt,Botnet
botnet-capture-20110816-donbot.pcap.txt,Botnet
botnet-capture-20110816-qvod.pcap.txt,Botnet
botnet-capture-20110816-sogou.pcap.txt,Botnet
botnet-capture-20110817-bot.pcap.txt,Botnet
botnet-capture-20110818-bot-2.pcap.txt,Botnet
botnet-capture-20110818-bot.pcap.txt,Botnet
botnet-capture-20110819-bot.pcap.txt,Botnet
2015-03-19_winnormal.onlynormal-2.pcap.txt,Benign
2015-03-19_winnormal.onlynormal.pcap.txt,Benign
2016-09-13_win16_8_2.pcap.txt,Benign
2016-09-13_win16_9.pcap.txt,Benign
2016-09-13_win16.pcap.txt,Benign
botnet-capture-20110811-neris.pcap.txt,Botnet
botnet-capture-20110812-rbot.pcap.txt,Botnet
botnet-capture-20110815-fast-flux-2.pcap.txt,Botnet
botnet-capture-20110815-fast-flux.pcap.txt,Botnet
botnet-capture-20110815-rbot-dos.pcap.txt,Botnet
botnet-capture-20110816-donbot.pcap.txt,Botnet
botnet-capture-20110816-qvod.pcap.txt,Botnet
botnet-capture-20110816-sogou.pcap.txt,Botnet
botnet-capture-20110817-bot.pcap.txt,Botnet
botnet-capture-20110818-bot-2.pcap.txt,Botnet
Testing_Benign1.txt,Benign
Testing_Benign2.txt,Benign
Testing_Benign3.txt,Benign